x1,x2,x3,x4,y
8.55834,3.08451,1.79961,6.61568,0.45023
4.08455,8.66603,2.86980,1.67996,-7.29982
1.93701,8.92190,8.99454,0.56534,-74.71018
3.11286,7.36286,4.35027,7.14242,22.25650
5.52064,3.46109,6.07592,2.77215,-66.01461
6.02041,4.14574,4.04051,0.51734,-61.81329
6.48510,6.86578,7.25055,9.97896,-8.79243
2.95528,5.57838,4.07173,7.88104,25.78613
0.73953,6.09719,6.40472,5.35178,-7.07813
6.58322,5.91833,5.03354,0.99047,-65.60728
8.10927,7.31604,5.59584,9.36996,0.38188
6.15664,2.93745,0.13150,1.51232,-15.60639
4.36055,9.88046,1.40395,3.65065,31.11148
1.73343,6.68011,6.59096,9.95260,28.75475
4.41085,5.95305,3.80743,9.32218,38.50221
2.61820,4.44060,5.77801,4.62522,-26.44111
5.14620,1.41600,9.15979,9.52041,-54.88196
9.66820,6.77488,3.47648,0.17651,-70.26184
9.07378,8.87619,9.44545,2.43020,-111.51474
9.46936,0.47627,2.87139,8.75730,-12.06796
2.91272,8.28740,7.24748,8.04235,0.40005
0.17256,7.86375,8.20200,6.44435,-8.06518
8.10931,8.78447,4.97542,9.55293,15.15288
5.83623,8.04135,5.83563,5.03011,-26.84168
1.91044,8.71479,9.73798,9.36340,-5.12959
9.27676,6.47824,9.84260,5.24309,-99.22782
6.19297,0.94161,1.18251,3.76248,-13.15810
1.93962,8.11206,2.04374,8.88851,77.24926
5.19661,3.92799,7.31238,9.11768,-20.34094
6.93201,6.19878,6.53229,0.55315,-89.43161
5.72350,7.25804,0.07598,6.66754,52.53272
0.07593,8.88827,8.54399,7.70458,0.01979
2.76558,5.64968,4.25008,1.41950,-33.23025
0.91683,6.28992,8.21014,5.52488,-26.99819
4.80905,0.57733,8.29592,9.45181,-41.44572
5.44372,2.75826,8.05139,8.06964,-45.28908
8.89147,8.94525,2.48645,7.51763,18.32261
3.31664,0.31575,8.40043,2.25744,-98.04811
2.33311,8.18781,3.20698,7.84508,50.15183
0.39534,3.67962,4.97379,3.38236,-17.63664
3.37000,0.29550,9.60228,5.74778,-79.64347
3.50873,7.82963,4.90136,3.80018,-15.86967
7.67707,4.22707,6.30706,7.14359,-38.95682
1.81543,6.76891,3.86995,3.95277,5.95616
6.17322,2.52418,7.28460,6.24341,-59.27205
5.62244,5.97128,0.42534,4.38097,25.39997
3.01071,2.81378,8.67125,4.31568,-67.92692
8.59913,7.47784,6.65669,5.51757,-51.53870
7.15588,0.55853,9.66489,8.89487,-76.05584
7.29049,0.05125,6.30212,9.01396,-40.16281
9.00636,4.65935,0.72250,0.90880,-36.90552
6.35818,2.91121,1.71570,3.45805,-16.45825
4.22923,3.24335,4.12627,4.61691,-22.16430
4.82681,2.15492,7.05581,4.67960,-61.12003
2.76433,8.68453,8.65660,1.84110,-67.31419
8.64785,4.11675,8.47404,1.37173,-122.76386
8.20744,6.97744,2.32072,4.87449,-8.07387
2.70471,8.38330,5.73973,1.19875,-41.93679
4.09784,5.47212,6.93717,2.15911,-64.36225
1.92438,4.31598,5.41252,5.37640,-13.87891
8.22653,3.04165,3.03342,2.90820,-46.95665
0.81688,7.23944,8.85191,1.24694,-68.66528
3.37945,6.23841,5.26812,7.39944,6.44015
7.28105,1.78031,2.08985,1.97402,-44.31434
8.62961,8.09555,4.37992,1.94694,-57.66252
9.53762,6.46909,6.97519,9.41850,-28.17990
7.50346,5.95960,3.81173,4.69712,-20.87262
1.38751,0.10981,7.42749,2.14696,-76.24372
0.57605,8.93255,1.76814,6.69640,71.02270
4.35919,5.99674,5.01208,1.43661,-46.77530
1.09607,9.08607,0.99335,2.27323,42.89857
4.69521,0.28769,1.29248,7.57869,28.13997
8.96930,6.47330,8.61824,5.66182,-79.77402
1.19048,4.48880,1.82317,4.50773,32.67580
1.58198,1.81328,3.68370,0.02068,-46.16494
9.34573,9.33946,7.13738,3.37594,-70.68869
6.20029,9.40556,1.04527,5.34887,39.46044
5.60298,6.62642,4.74661,4.01956,-26.51478
0.72929,3.36137,3.38323,9.43099,54.07396
0.06360,9.36516,5.12661,4.23958,16.46009
0.55509,9.07488,5.58433,3.05392,-7.70617
3.92969,6.07215,8.40949,0.39822,-93.76180
8.34004,5.96865,6.69115,5.73207,-56.10864
9.70915,1.23587,3.48168,9.49769,-9.16108
7.05791,5.99548,9.10695,7.40254,-62.31414
1.55631,7.80405,7.53486,3.76526,-35.32595
2.95026,4.24243,6.02108,7.75727,-6.38966
7.77024,3.66603,2.86283,6.55070,-3.13238
8.74203,5.84427,5.73596,3.71546,-62.74060
8.73487,8.82393,1.65510,9.92885,54.92644
9.19839,2.14002,9.12181,2.36704,-134.66588
7.29309,5.51590,9.41456,8.30206,-60.75926
3.56940,4.11746,9.63425,3.45295,-86.47225
0.34992,6.26503,1.61352,3.33938,36.63601
2.74028,6.67444,5.37541,1.85444,-36.70827
3.92760,4.47330,0.76409,2.84168,8.72449
9.37192,8.67906,0.88849,4.55069,9.30756
6.67080,6.24537,1.99784,2.47723,-15.76545
0.97514,9.47177,3.52172,9.62081,77.97841
0.40992,2.04289,9.95129,9.33000,-28.34393
7.22574,6.39219,9.20686,8.84342,-46.59089
3.86183,4.24234,9.34183,7.59343,-50.26489
1.79874,4.36476,6.37204,7.05942,-3.69534
9.10473,0.08136,1.84815,2.35879,-52.67963
2.95157,0.35562,9.53234,7.91181,-59.34950
9.52040,1.48606,7.27105,8.82543,-56.68132
7.03098,9.74449,6.50505,2.93439,-54.87736
7.46166,5.31913,2.65068,1.83586,-40.23832
1.52095,6.03913,0.54127,0.56763,12.77873
6.57150,7.41372,0.64449,4.23650,22.08193
8.35432,1.77460,8.38729,1.64998,-126.50088
3.28756,2.21702,1.65207,6.88634,29.12330
2.04422,1.59944,5.41390,4.23548,-33.38139
4.24093,2.34017,5.38653,2.28248,-56.81277
2.70924,6.61437,9.74656,1.81699,-90.64455
1.07956,0.71784,0.65559,6.03787,43.54005
1.59206,9.60738,2.27923,5.79496,51.26560
9.16085,6.46216,9.05433,4.55600,-94.21848
4.31292,8.68283,4.64333,0.64568,-38.80988
0.77480,7.25382,4.20019,2.96137,0.29788
9.03466,9.06093,4.33526,9.52498,14.45494
5.52296,1.55151,4.53443,8.99291,-1.10533
4.48375,3.30350,2.19395,3.00511,-14.34868
3.33738,8.05009,2.76728,2.62001,2.73223
2.83312,8.77757,1.76908,5.19369,44.75206
5.44811,6.96733,3.67572,4.19854,-12.24412
4.01434,8.98254,9.46252,3.62460,-65.60099
0.35246,6.17407,8.84461,8.52223,-4.53691
8.20366,7.01981,6.50719,6.55413,-38.14484
6.23077,7.50169,7.78302,3.99150,-66.35342
6.35543,9.67818,4.10035,3.68021,-15.93782
4.24320,2.77135,8.84287,2.10354,-99.37670
8.21000,3.89788,8.43313,1.97733,-117.82295
8.75270,1.44356,7.69624,2.21611,-118.22559
9.46610,9.05002,3.39693,1.35711,-51.11953
5.00014,1.08214,8.02955,2.42405,-99.77476
8.71121,9.58548,1.48086,9.47010,56.67188
0.12667,6.61890,8.41402,9.28070,7.15130
4.11469,9.60418,6.31120,9.08439,21.57595
7.55771,1.44853,8.57715,1.86302,-127.01571
5.01300,0.57168,0.92021,8.24876,31.71545
7.74183,6.28415,3.89174,4.22084,-27.07591
2.23917,7.88074,2.59869,2.67884,11.22476
6.73495,7.15356,7.19870,9.31525,-14.65903
8.48939,1.97453,7.97859,4.33520,-97.00196
9.05312,2.68489,0.02304,3.83503,-9.34084
6.10646,1.96552,1.37289,5.58996,1.01858
6.20464,6.44861,7.93565,3.40742,-78.22328
1.17552,3.43779,4.82480,7.17055,12.10363
5.80386,3.94235,5.32470,0.55013,-80.43048
5.26022,4.77983,7.41934,0.09806,-101.48938
9.88148,4.25070,0.07449,1.13089,-33.10486
2.75374,6.84541,8.58894,5.61680,-39.44404
3.17088,6.77211,1.82941,6.46550,42.07797
5.23119,9.05000,8.48869,7.33171,-27.45432
9.24591,4.22592,3.05366,3.31636,-45.64008
9.57120,2.67632,9.47681,1.50858,-147.44297
9.65411,3.73409,4.60398,4.83824,-54.63779
2.17057,0.18131,0.36512,6.98598,44.97418
4.35654,0.63119,3.46651,1.44611,-51.37813
7.03994,4.87214,9.40801,3.11271,-108.08758
2.78224,0.31951,5.88643,4.68300,-46.04685
0.47393,8.78484,4.83077,6.28304,29.97997
8.45154,2.78719,5.93463,7.55231,-38.39658
1.80792,8.39419,9.62404,3.44468,-62.52937
5.56954,7.22437,9.49627,8.63137,-40.51046
8.15438,6.82624,9.67252,8.37339,-62.31907
5.69730,6.97133,8.95407,7.03601,-52.00077
1.86406,4.29458,0.35908,1.41266,15.20906
4.06126,2.64065,6.01062,0.41743,-81.60058
0.72611,7.15502,3.09557,6.63798,45.09530
2.22835,6.42418,9.28656,2.83902,-72.93000
4.70307,2.79683,6.92232,0.28821,-97.94655
0.15292,7.79027,4.07742,7.72697,52.26035
6.55065,9.68790,7.07847,8.38071,-11.45201
2.31550,8.53612,2.52227,4.30827,30.38658
0.62494,3.66207,6.86690,6.81559,-7.95266
1.95665,2.21664,3.99169,0.40086,-49.61897
1.12111,6.85986,8.87926,8.66986,-8.52982
5.85839,5.02395,7.92494,5.93847,-58.38113
1.49614,0.26498,5.12451,4.14039,-31.14725
2.14863,9.76412,0.57214,3.70515,52.77287
6.36156,4.63406,0.63421,9.35082,59.01201
7.68414,9.21871,0.99023,7.23317,44.21840
3.63752,2.47187,5.07541,7.78204,1.55277
5.93545,7.89905,6.03420,7.37015,-8.21287
7.05071,5.10635,2.62085,4.10347,-14.21879
6.18243,7.78969,3.16994,1.90764,-23.97714
8.10663,1.87752,1.97328,6.76589,-1.91891
1.77946,7.84465,4.84425,1.37744,-22.55362
4.00714,3.46091,0.45156,5.73497,35.71094
9.19358,5.57821,8.18138,2.59255,-102.11215
4.91354,6.09306,8.34369,9.36187,-21.89681
1.93025,9.45515,2.51798,6.12695,50.69383
8.13051,2.69710,8.12350,9.93583,-44.49415
3.10249,4.03362,6.55648,4.98676,-36.69252
1.93699,6.99091,8.22403,9.30822,-0.76999
5.43117,2.68834,2.92116,4.46708,-16.80660
7.55970,8.56951,4.60609,7.48286,0.54143
2.94105,9.03090,9.87202,2.93963,-72.52853
5.70542,0.65938,0.45275,3.05934,-10.31907
8.89815,3.50254,2.36503,9.31958,16.60587
2.07461,2.40794,0.38757,4.49443,35.18444
3.99953,8.20749,7.94316,1.72022,-73.48819
9.77590,6.66961,9.62546,7.94046,-74.07787
4.69395,6.98349,3.47076,8.62089,34.40183
3.23051,7.50863,3.36529,6.55258,31.18782
0.95541,9.79436,6.20936,7.43319,27.39812
8.42806,8.64475,1.24255,5.68549,22.35730
1.97673,3.81559,9.54119,0.21590,-107.94222
8.87297,6.19106,9.34234,7.24417,-74.72597
1.74417,0.44588,3.22724,9.00461,32.79276
9.74499,4.53780,1.15387,6.51100,3.55279
5.10404,4.36687,9.55058,1.83772,-106.03133
1.32012,6.72272,6.90749,3.46575,-31.97205
7.18890,3.13012,1.99583,0.36170,-52.18902
3.08580,7.17898,7.53625,6.32755,-20.79575
5.27251,9.11468,8.85531,2.26194,-84.15967
0.38096,3.54080,8.45827,5.47627,-39.77958
1.60816,1.04762,0.61410,6.89652,49.33339
5.75999,0.33300,1.88658,2.47910,-36.24272
3.66893,2.64451,6.95475,4.06736,-59.68091
3.93783,2.58841,6.56133,7.90128,-18.84900
3.31878,6.70200,8.84415,5.33373,-49.70829
7.10081,9.28163,6.01526,2.98059,-52.93635
7.43065,6.47689,5.37282,7.52874,-12.55611
1.63918,2.51992,7.48317,0.73766,-85.99874
5.51066,1.56980,5.26315,5.53201,-39.04170
8.41457,9.97967,6.83757,8.76878,-14.49128
3.12637,8.28369,0.36371,6.31183,64.84433
6.46846,2.86744,5.80792,8.58747,-21.31819
3.19037,9.87657,1.94532,3.15833,26.02212
6.26684,3.53233,1.14974,9.23668,44.66134
5.49025,3.43315,5.27111,5.39704,-31.04739
1.96516,2.54592,1.41172,5.48329,28.89025
1.93613,7.91405,6.74480,4.40865,-18.93043
5.04591,9.21138,7.74883,5.05743,-39.99831
6.93545,3.71984,8.59339,9.17455,-47.38593
1.60012,3.83481,1.41742,5.68962,40.73893
7.16822,4.94744,5.50169,5.05515,-46.56939
3.29614,5.82954,9.81382,4.51150,-75.02996
7.76287,7.07271,1.22889,4.89365,13.43240
9.98146,0.18242,4.39322,1.46964,-95.45209
3.08147,1.44525,4.48838,4.29226,-24.84217
6.62454,3.48945,5.78887,6.40056,-34.31078
5.08908,6.00323,5.77070,3.38905,-44.61590
4.89788,9.45962,4.42280,6.18029,5.95445
8.91710,0.94667,0.31792,9.10462,27.94124
7.21455,0.54016,8.28082,0.73589,-132.10362
4.19121,0.18072,1.32780,2.23571,-18.69720
4.93268,4.01337,7.44766,1.31826,-92.08965
8.30513,2.11627,1.86982,4.56231,-22.53908
0.05428,8.66909,8.39975,3.14492,-37.03113
8.66368,0.56686,8.33663,2.04859,-130.36122
0.34028,1.99638,6.20082,6.44251,-11.42438
2.09127,8.55971,2.62837,9.61607,78.96481
1.18449,3.60092,3.34613,3.14808,-4.30106
9.52432,2.45725,7.10634,5.18028,-86.32811
0.67570,9.62435,2.33457,8.58176,85.76633
8.61924,0.06561,0.94445,2.91501,-34.43823
3.45297,8.79292,2.04552,4.82411,31.62748
4.45080,0.03330,8.11458,8.63249,-47.06458
6.56749,0.99206,5.19593,0.19631,-94.83313
1.04560,8.80456,8.19459,0.81514,-60.63240
4.38075,0.83525,8.69208,1.92760,-106.93329
9.32602,0.02424,0.97753,8.43951,9.19963
4.52919,3.98481,4.58458,4.30080,-27.61148
6.39160,8.89812,9.89966,0.41817,-118.41821
3.81562,8.59917,6.44460,3.20281,-36.79240
2.28550,1.56285,8.18744,3.99046,-75.24972
4.04461,4.53709,2.00375,9.20329,53.84884
6.74672,6.78383,5.75735,0.53538,-76.90768
2.23758,6.87457,2.50901,8.38289,59.44702
9.80670,1.09965,7.38768,5.88454,-91.82583
3.78120,1.25720,3.73702,6.91207,3.98115
3.52964,5.17630,5.64472,9.73926,13.45943
3.80269,4.12112,8.97224,7.61087,-43.40887
4.22720,7.37906,3.33003,1.59497,-22.80890
8.78827,3.31880,4.92044,0.16290,-96.94443
8.00198,1.69045,3.18347,5.62177,-29.50130
0.55808,9.87411,8.01389,7.48874,7.94632
6.39405,2.22090,3.99051,7.74800,-6.60441
5.93924,9.53139,6.14007,0.79162,-59.63946
1.95951,4.50563,9.85659,7.10685,-51.21534
7.35149,8.35180,6.76924,2.62256,-68.88686
6.47615,0.23753,0.27959,2.50431,-16.24331
6.96102,0.73917,4.93187,4.21269,-56.49014
9.29915,8.34896,2.03104,0.89858,-38.70504
1.02755,0.59931,7.53535,6.11548,-41.65303
4.40918,3.82788,5.96369,6.61604,-22.68433
3.84130,5.20269,2.48955,3.72324,3.86741
5.00099,3.27297,3.09325,2.73274,-24.70637
4.54993,9.39565,6.35809,0.41905,-68.19383
2.46517,7.59696,7.59975,5.33719,-23.69391
1.62292,1.37682,2.06352,8.39930,49.35389
2.67916,6.53459,3.60455,1.35812,-16.86765
1.99684,6.46999,0.23174,1.68357,28.97870
3.27880,4.68042,4.63900,8.48585,18.75640
2.10518,7.23461,8.66451,7.19520,-21.08888
4.88782,6.28502,5.55061,4.38749,-31.00138
8.20388,2.84455,8.96485,2.65401,-123.17456
5.84037,5.07106,8.37570,2.32222,-94.32059
0.79310,7.30839,0.74831,8.97449,96.29578
7.26088,0.84431,8.12421,1.88603,-119.98315
8.47020,0.87000,3.81612,5.17712,-44.61952
7.49086,4.43275,4.30813,4.72408,-37.05228
7.92183,1.45565,1.82420,0.51095,-59.93025
5.34537,1.85683,2.82346,8.01879,14.70377
4.32788,7.09093,0.86541,4.57548,31.50513
7.57416,7.03053,7.15727,4.42171,-60.55939
2.30468,2.78841,3.75549,1.47780,-35.21754
6.69193,8.98460,5.90342,5.93605,-20.01503
9.91773,3.31457,4.55549,0.65285,-93.08641
9.98290,6.15770,7.84536,7.23126,-67.74818
3.61855,6.01330,5.92521,2.87745,-45.88125
1.55830,2.80590,2.70963,5.14861,19.45701
9.40342,0.94528,8.46134,5.35367,-107.62464
8.93523,5.29154,1.72376,5.63859,-3.09606
6.43605,9.82969,4.44693,8.94911,31.24738
5.14511,6.78079,0.36531,7.78062,62.84873
4.97871,0.93139,2.62463,6.86976,2.03200
5.57275,6.24875,2.09355,9.32045,51.35279
2.75461,3.56319,2.19765,1.46895,-14.46209
0.80052,0.99941,9.06442,5.84041,-54.01058
7.35990,4.73764,2.99489,6.30200,-6.24971
4.39737,5.08633,3.56191,1.72999,-32.06732
3.14026,7.90217,1.04676,8.93979,80.77564
7.14248,3.68200,0.10970,8.76786,49.63669
1.56861,9.71260,7.01411,2.48230,-32.63121
7.25020,0.80120,6.91402,2.07544,-104.29327
0.23964,5.29762,8.44594,7.78667,-14.30693
1.25565,4.62838,6.49473,3.58863,-35.97456
0.61825,6.68992,0.85772,5.00098,55.14673
9.34955,7.00704,5.60112,5.33090,-44.66634
5.58351,9.23262,2.38102,4.62876,17.25522
8.45768,8.00585,8.98543,5.65373,-76.98463
8.60875,9.99105,5.04034,8.11979,0.24919
3.09964,9.50976,9.98430,0.45389,-91.38468
8.47396,9.08169,7.87447,3.77254,-73.46594
5.56726,9.36744,1.52724,5.74270,36.48196
0.97564,2.82541,9.52179,3.30179,-78.59134
8.26192,8.74594,7.85801,5.53874,-60.39170
2.24198,1.60038,2.46487,3.20610,-6.31649
6.04887,8.28915,9.67197,8.40313,-43.72864
9.63039,4.83701,4.05172,1.91637,-68.35041
3.45009,6.67232,0.33143,2.89731,30.92018
4.34318,9.05587,7.61255,6.86873,-18.82018
2.79731,0.63205,9.76861,9.38795,-48.73603
2.72159,9.96273,1.55441,1.79961,21.73832
8.16763,3.40998,1.29419,9.88247,38.61899
4.83978,7.25475,9.37706,6.35717,-55.68677
6.51536,7.96707,2.50829,3.47931,-6.78072
1.48714,5.15979,7.70285,7.07394,-18.70660
2.66809,3.81994,9.65741,0.46343,-115.56851
3.74703,3.90456,5.03405,8.50993,9.69199
3.48262,9.43534,0.91325,9.04700,86.56364
1.03952,6.39799,3.60411,2.61591,0.54195
4.65874,1.86569,7.23917,4.13597,-72.57399
0.66916,8.47079,2.59115,6.18885,57.83008
6.24411,7.92298,6.89046,7.31700,-20.81996
3.10446,7.12355,1.20910,3.01802,20.67497
9.30211,5.90130,3.77965,1.94100,-62.25046
1.89327,4.47681,7.64801,9.65251,2.67118
3.15776,8.23942,1.02060,7.78491,72.44771
0.69822,0.53303,6.34715,7.93846,-6.93438
9.35600,9.91924,7.24904,7.66592,-32.49071
6.33727,1.39248,3.77559,6.65271,-21.94019
1.51967,4.13421,5.63204,3.02978,-34.09517
1.29379,7.98263,6.84946,8.02828,12.85719
0.49236,6.32075,8.32221,1.53007,-63.18360
8.45076,7.89779,7.77348,3.74409,-79.69946
7.68281,4.26792,5.07771,6.89053,-29.13677
7.73070,8.47253,1.75526,6.57899,26.48069
9.87981,0.54856,1.88061,3.29020,-54.07624
0.85384,5.58250,5.25312,7.16595,13.46168
9.14153,1.30795,7.75958,4.21547,-106.96681
2.58037,2.03393,6.58895,3.08923,-59.55419
2.58228,9.40531,3.59415,4.26183,17.46911
6.78506,6.80617,6.00981,8.71873,-5.31748
1.31786,6.87341,4.45159,4.12360,3.16244
2.57246,1.56316,7.09645,9.72121,-6.14115
6.19599,1.87093,9.11260,9.21251,-57.38142
2.97441,8.42957,3.85662,6.90991,27.71633
2.19516,2.82447,5.78902,9.38885,13.70784
8.03053,4.86841,9.58581,7.47792,-74.06292
7.37835,7.32826,9.77987,6.97218,-70.19318
3.94557,3.25103,7.28845,6.79446,-30.60805
9.41604,3.03819,7.60523,7.17626,-68.15255
3.60375,9.66383,3.45382,4.24180,10.78824
7.19916,0.51500,7.80486,8.62912,-56.64127
8.48541,3.99508,2.53032,4.46087,-28.72163
6.24912,0.76520,4.41076,2.26568,-66.76559
3.57069,1.70691,4.27273,8.79487,13.53262
6.78435,3.69583,8.22152,7.28269,-59.87273
1.02019,4.76736,9.44000,2.96309,-69.09941
4.85536,7.71973,7.84372,4.27953,-55.16144
7.87666,8.98962,7.61607,1.72163,-86.71217
2.26646,2.68721,9.29887,8.41257,-36.96977
4.31648,6.91148,6.60952,5.45464,-28.07425
2.75284,0.63417,5.77864,5.05751,-36.43698
4.75329,5.88680,5.03505,9.40035,18.87740
3.97464,1.95240,6.99245,8.77284,-20.83351
7.59847,6.06596,2.94084,1.07387,-49.57066
5.25250,9.94552,1.01602,8.60239,74.66882
2.43436,1.21409,8.26618,9.35571,-26.12993
1.52121,8.00930,2.06364,8.54979,78.65324
0.77445,4.52521,9.48717,7.10399,-38.38735
4.51169,2.96450,8.61117,7.49416,-48.09194
7.29463,2.57586,5.64656,0.10609,-102.50379
8.63290,3.36840,8.15084,8.77612,-60.79361
7.87669,1.82259,4.10859,7.35248,-20.71798
7.84274,6.56969,1.59805,7.24170,24.23034
0.10814,0.38518,0.92187,8.60397,66.63070
4.92322,6.31404,8.60067,5.55129,-58.07044
5.29408,4.73210,1.97667,8.03597,32.39497
2.40618,4.28932,7.24738,7.48313,-19.35778
4.40918,0.62840,5.43948,6.08614,-33.08071
3.66805,8.43407,4.17023,0.30873,-34.88396
6.21333,8.86252,2.98568,7.40336,26.31759
8.92256,2.03856,3.79388,5.52043,-41.26414
1.57089,4.77147,5.77066,8.78595,19.30407
9.33164,9.54562,3.36510,3.07105,-32.80442
8.46044,2.79254,2.48977,7.07537,-5.46887
2.89582,6.71471,2.58072,6.15279,39.11962
1.17162,2.83703,8.60985,2.13039,-78.69420
5.84242,4.26127,2.30308,9.02679,32.67665
8.93404,3.61892,9.90836,8.77780,-81.46588
4.90621,5.81739,9.11020,6.03043,-60.10208
2.47867,6.32729,1.79130,5.46009,36.29652
2.21231,0.66532,5.14015,1.45514,-54.54050
5.93001,2.37300,8.66501,1.19287,-118.17872
6.43855,3.66371,2.35671,2.40136,-27.51106
3.64514,1.40622,1.12859,1.55601,-16.52498
1.97457,9.03799,7.18540,3.17575,-33.44966
2.68619,1.56620,0.11805,5.85669,39.92398
3.53218,4.13574,7.39520,3.70811,-58.25948
2.24225,4.50456,4.04129,9.28655,41.36339
9.15910,6.64792,2.50619,8.41959,16.54127
0.35126,7.78732,0.37569,9.96049,112.24149
4.06879,2.38138,8.18673,5.90163,-61.69489
9.12325,7.79004,7.43828,8.93528,-29.78569
4.45663,9.28678,7.66518,5.18592,-34.96994
3.85775,2.12870,9.48431,0.14627,-125.24398
7.73219,8.04697,2.39063,5.78804,11.98985
3.45459,3.63032,6.64773,7.06554,-18.96905
3.10224,7.65456,6.94722,4.23734,-31.08608
2.22379,5.18407,9.56428,3.77637,-72.26943
9.80422,0.72366,6.38930,1.03532,-120.79004
5.06065,7.49173,6.56840,1.71286,-63.64402
1.87003,0.49318,5.69075,6.32435,-22.10178
7.17211,6.97827,3.01847,8.92618,25.70607
1.69286,3.28220,5.24688,7.57468,7.23049
7.78655,9.02189,8.90666,2.37861,-95.51048
3.08626,8.16000,5.06459,1.66334,-32.59060
2.46191,4.79566,0.87066,3.78569,28.29262
1.50323,7.40971,2.99722,0.33206,-12.18290
6.75380,0.82780,2.70313,6.40119,-9.91873
5.89727,1.37436,4.20999,0.82533,-74.66395
4.48249,5.91819,6.81486,9.32676,1.45602
1.65719,8.76710,3.48788,7.66045,51.37724
1.99733,9.97454,9.89600,3.76283,-58.31837
4.38843,8.79108,6.53930,2.76340,-41.45013
9.00628,8.39942,9.83376,0.80385,-131.18734
0.66469,9.20974,5.27794,9.78896,56.21983
0.91967,7.06055,5.83261,9.87290,40.71080
4.37590,4.96103,8.74954,4.15933,-73.87868
5.16068,2.53899,8.18730,1.29491,-108.91419
6.90613,0.36765,3.54922,2.62377,-56.24073
0.09103,4.69049,3.81684,7.13829,36.29692
9.80853,9.69768,2.29301,0.56704,-45.90479
7.65320,4.94667,9.99864,9.27473,-61.43415
8.49317,9.68240,2.95361,5.04866,-1.04724
1.56077,2.91654,4.25758,3.52899,-18.81528
8.68719,5.01194,4.60713,9.40973,-3.99205
9.17515,1.90454,9.68892,4.92827,-119.60188
6.58228,2.17670,3.89448,6.56906,-19.94631
0.17094,7.27052,4.69482,2.13600,-7.33234
4.98164,9.08063,4.52487,0.38152,-44.46385
7.64974,6.35593,8.36371,5.72267,-69.42449
9.67746,8.40275,6.42711,3.88743,-65.53754
1.57701,6.42846,9.89563,5.92049,-48.75598
5.52315,3.50304,2.72270,2.73836,-26.02158
5.62324,4.76477,5.12932,5.67541,-20.21893
8.20595,9.28953,9.28492,4.98113,-75.08723
0.51375,0.11171,6.30970,8.01296,-6.04502
9.10347,7.11852,4.05420,0.14423,-74.11804
0.98994,5.18939,6.21432,6.59871,0.19116
5.22792,0.39194,8.63356,2.75714,-107.71550
3.48418,2.28321,5.08021,8.27956,0.10169
8.60191,3.94289,8.39618,1.52398,-125.21897
1.55860,7.40002,8.75300,9.41441,-1.78539
5.92418,5.79402,6.37370,1.35150,-79.95722
4.61852,3.55366,6.34655,2.25200,-65.19750
0.54090,9.82725,8.25710,8.16558,10.04670
6.39777,7.12578,3.70262,5.50541,-5.80398
1.07870,7.18251,8.73429,8.41587,-6.70045
6.87687,9.51751,1.53106,6.29819,34.58095
5.49207,6.74992,0.68295,5.63520,38.47420
8.43072,0.72385,7.94376,1.63354,-127.75794
7.68362,9.99669,0.95394,5.70993,32.95492
7.10466,0.66810,4.36746,4.94322,-46.68340
2.15550,8.76462,4.09594,4.07010,9.02312
9.61167,7.99342,5.51957,6.71466,-33.72906
9.93654,5.67983,8.73761,7.60978,-72.43649
6.05107,8.86441,3.95649,3.54429,-19.26033
3.18822,4.84347,7.73310,8.18793,-20.54968
2.59863,6.10432,3.07352,0.54567,-19.12696
9.16889,8.75941,3.15932,3.12035,-27.53799
8.08904,6.26228,7.47765,0.53359,-107.45545
1.15200,9.64273,0.89637,2.41705,44.90641
2.41808,9.52706,8.73369,7.06532,-17.17816
0.59834,8.65526,4.24937,7.61030,47.44523
6.84176,7.05736,5.90263,2.86933,-59.44109
4.02027,6.03358,2.45389,4.12150,7.07119
2.54581,6.70147,7.22561,6.20873,-19.69548
3.95063,7.28521,5.77729,4.28918,-24.56878
5.35587,9.84524,7.90755,9.02155,-5.37280
0.30295,6.53221,8.96558,8.37092,-12.83551
7.75217,9.72652,4.35932,9.76413,27.11328
9.04908,1.27588,2.88287,6.21483,-27.52008
7.58062,8.10527,6.46017,1.13028,-80.65709
4.50590,0.16204,2.66356,9.75195,28.69763
4.07534,0.87309,4.21911,0.70051,-67.63811
8.69893,2.79785,1.68914,6.97071,-0.54370
4.76583,6.06026,2.70034,5.45155,13.22435
9.05099,6.28379,5.49643,3.80531,-63.11201
3.52690,0.66458,0.48897,9.23730,57.38297
6.77145,2.27866,4.31123,4.40260,-43.47678
3.00301,8.72649,8.87359,9.17913,-7.33082
3.37399,7.55726,5.67064,7.45733,14.81531
9.75511,5.93862,7.19741,1.64494,-108.31402
2.73737,4.16743,0.30353,0.72080,5.85163
9.72133,1.70400,9.60747,5.10852,-121.48743
5.24654,5.18440,3.10740,8.98945,30.61756
5.76507,4.99753,2.45350,7.23472,21.25590
9.84666,4.69631,3.82122,5.45412,-39.84075
3.84461,1.42407,5.61591,2.58306,-58.30858
2.25093,6.65647,3.87211,6.22307,24.73527
3.40711,1.54307,0.43922,7.23284,44.29924
8.65094,2.44099,5.74211,7.60734,-44.43762
1.04280,3.77739,6.72850,6.93111,-9.11024
3.62198,3.09094,7.55120,3.26831,-71.46468
0.33394,5.28281,0.01582,9.47527,103.27317
8.53563,3.52477,6.81145,4.49958,-80.62518
6.90044,6.58860,9.70052,8.18154,-56.30437
2.49987,2.50514,4.59296,3.78059,-24.87182
7.47329,4.13296,1.27394,9.85314,45.55705
3.87788,9.80747,4.71683,0.44391,-37.61090
0.26608,8.82714,1.41765,7.69114,84.33307
4.64555,8.39697,9.30430,9.79966,-14.30199
1.29343,5.10511,3.33632,8.24137,44.85756
2.27311,0.17425,2.98055,7.14908,16.59793
0.87501,1.32866,0.46317,3.78769,30.65728
3.09417,8.77980,3.98332,5.90270,22.76723
7.96675,7.96813,7.13622,8.45796,-27.92356
1.82420,4.40451,9.71650,9.99483,-18.32249
3.63489,3.39665,8.61359,5.30629,-66.89815
5.17614,9.95366,9.85258,7.63335,-39.56889
8.32279,1.48978,1.73656,5.71480,-12.20162
8.41393,1.72563,1.48739,1.64377,-50.83746
6.83413,0.01308,3.21708,7.37641,-19.86809
8.70525,4.72182,4.59021,3.56664,-57.47182
4.99728,5.90414,2.17418,8.26561,39.83073
6.37681,9.95240,5.85233,8.10253,2.67322
9.12154,7.29486,5.88237,4.31085,-52.25024
0.90191,6.35209,5.73835,5.57447,0.14603
1.85952,0.73967,8.04556,2.82328,-76.92346
5.12078,8.89036,0.16623,2.35191,26.37876
4.65998,5.90163,2.02963,2.86986,-1.76170
6.33578,5.13526,5.66512,2.16865,-64.50589
2.48647,2.03034,3.99662,2.52776,-30.27749
7.43930,6.70935,5.16949,2.28647,-60.84563
0.70290,7.19502,9.56970,4.54131,-48.58501
6.64760,5.19160,8.82810,2.51488,-100.70767
9.10960,0.46269,0.54817,0.51634,-55.03577
7.21211,7.30129,9.12889,6.42475,-64.42503
1.63113,8.23051,9.21943,4.83814,-40.33102
1.51753,5.86609,2.42343,4.94679,29.97315
3.62738,1.53253,1.55499,4.44896,3.95690
0.14317,3.79837,0.36614,3.58802,37.64982
7.59074,9.47769,6.36268,4.54857,-44.89909
4.29988,6.37167,1.74661,2.25352,-3.32195
2.72734,6.54627,7.59602,2.88569,-57.43364
4.98928,0.21528,9.74866,5.68266,-93.94441
0.90586,4.91888,4.11775,6.43678,23.06738
4.17650,8.01516,3.32346,3.58150,-3.03170
6.54045,7.49873,2.15746,9.29343,47.58294
7.56775,9.63913,6.70083,3.78819,-46.76299
3.07447,4.35469,3.13229,2.95577,-13.41655
2.33412,9.17349,6.42816,1.52852,-38.88085
8.91768,0.39677,0.54685,1.07914,-49.76028
1.47189,0.85176,2.30927,7.06493,27.32099
1.13825,4.28472,0.52581,0.34234,7.64260
5.54978,7.64970,8.05065,1.61595,-83.84731
8.23634,4.00629,7.40194,1.67397,-104.00282
2.91517,8.20345,5.08156,4.62849,-3.14538
6.21000,7.60488,1.73592,9.19118,55.77540
5.98925,6.66330,0.55123,1.34090,-5.50835
4.15434,0.33333,0.41474,8.83616,50.71744
5.03232,7.66385,2.67938,9.79120,56.19536
9.90131,1.65254,0.85037,5.51695,-11.54755
0.72118,2.76806,8.30615,1.41549,-78.36643
2.31212,7.80496,9.22546,8.60490,-16.24044
8.31512,6.94359,3.72364,8.44161,13.50912
0.62069,6.57062,5.01892,8.84676,39.69739
5.37821,6.49932,3.81269,0.42543,-48.55877
4.51287,1.59663,5.22255,6.14046,-24.45925
8.38312,8.37137,5.94951,3.92230,-50.97869
8.86260,3.20467,7.72898,9.24683,-49.39337
5.42255,1.76177,7.04808,3.50630,-79.60771
3.16742,9.01639,2.51124,9.77638,75.10130
7.13268,4.58736,8.95471,4.85580,-88.55406
8.34028,9.03916,9.70829,6.22138,-74.29959
5.08939,1.72795,6.95732,4.31308,-68.59387
0.71331,9.24374,8.59945,4.61616,-30.29039
2.86270,9.68297,7.06207,9.76317,25.17321
0.21542,9.76839,8.25652,0.27342,-59.43744
7.47383,8.14590,0.47793,9.53032,63.90857
3.45434,5.71697,1.69988,1.69677,0.57843
4.59304,1.93098,9.74599,3.45725,-104.34384
4.88063,1.91217,3.41321,2.36709,-41.92089
8.63909,6.23066,5.49543,0.28668,-91.28752
1.89759,5.06435,2.18245,4.28352,24.08935
6.88718,9.80812,9.90902,2.99039,-93.37767
7.54984,8.70842,3.24137,5.61120,2.61114
7.62921,9.56268,1.23785,2.78302,-0.45203
6.91108,6.23213,4.10352,2.86659,-38.45438
4.40627,0.76545,7.22713,5.57770,-57.91880
0.98838,3.91720,1.65625,3.70267,23.79463
8.48024,7.67207,1.47343,6.00986,15.17088
9.14731,6.04386,0.61583,8.94929,41.82450
7.01658,1.81604,8.83652,2.31032,-115.39282
1.36463,7.67004,6.56689,6.68770,4.98028
0.37578,4.27671,1.52969,7.06890,60.55788
1.67530,7.23301,8.00993,9.74775,9.22927
7.42324,1.27909,9.74247,5.98262,-101.46384
2.42013,0.89337,0.08896,8.71170,70.96193
6.40301,7.10034,7.54717,1.19575,-90.41371
3.11907,3.14551,7.02351,3.14756,-61.90348
1.80461,2.60378,1.76880,2.70206,2.26462
5.90450,0.00739,1.04122,7.68074,21.11107
4.74117,9.21803,7.57481,0.26129,-82.46363
9.52799,7.57166,2.94707,9.49923,22.57094
9.06575,3.09731,7.45715,9.92729,-39.99886
8.75382,7.39989,4.24510,3.48405,-41.43187
6.09896,3.27291,7.75398,8.12625,-42.65286
8.14772,6.88900,9.45190,7.36749,-69.33843
6.00624,4.22873,0.23630,5.28144,23.03159
1.05432,5.12601,4.18838,6.00318,16.28404
3.64752,9.10098,6.32722,6.86544,-2.82704
0.28072,3.82860,4.78886,2.32923,-22.38571
0.88710,8.58380,3.14661,5.35925,37.91898
0.84765,5.33546,0.17797,4.76991,54.83782
0.04677,9.64852,7.72390,6.64341,5.93965
5.63975,8.90198,8.38119,6.82954,-34.65347
1.46595,4.09481,2.67528,4.89028,19.25578
2.93174,4.77012,3.20469,7.22194,33.58881
0.17214,7.95123,9.89371,4.56170,-43.72984
0.40121,8.27243,3.90852,4.59315,20.81209
1.24366,5.78581,1.17739,6.57336,58.60222
5.48482,0.27759,3.95045,0.29083,-79.70724
4.08884,7.97392,0.48505,0.03271,-3.13836
2.96724,6.64759,1.29193,1.48709,9.94378
6.84256,9.82614,3.87743,0.67245,-39.05351
2.19754,2.97214,4.96087,0.93479,-51.46377
2.42840,5.95297,1.83260,2.53792,9.83354
6.42425,8.52506,4.70676,4.84539,-18.23349
5.43607,8.79863,2.31548,9.70703,65.14877
7.34421,3.28582,7.67075,8.05828,-47.97084
1.73734,3.78488,2.53520,2.00355,-8.07006
1.00269,0.17775,3.35427,0.81953,-38.96061
9.62133,4.48158,0.96757,6.67597,7.82698
8.67266,3.53001,4.95865,6.31877,-42.45816
6.05978,7.31241,8.64462,3.67536,-79.67531
0.87844,3.60088,1.15138,7.04141,60.09428
1.90617,5.10500,7.86632,2.63618,-58.28822
4.28615,2.09399,3.79226,8.33355,12.94987
5.93541,3.42364,4.12334,5.03154,-27.51607
9.16061,0.15689,3.64803,9.18978,-15.18487
2.77421,4.22186,0.25023,9.82038,86.37972
8.35574,0.43099,4.72260,7.69798,-31.99305
2.70747,7.84871,3.58315,2.32710,-6.34041
9.77996,5.09961,2.93269,9.58461,11.03629
5.57094,7.76503,4.32988,9.61631,32.00202
2.97437,0.78147,0.53046,8.84041,55.43021
0.11839,1.16887,8.63655,2.77652,-77.68396
3.02724,7.11971,2.26202,2.00169,-1.22668
0.38278,3.73698,5.46965,2.91834,-31.76113
4.48102,0.43732,4.59800,8.22417,-5.54223
6.65194,9.26524,0.43117,3.82447,26.33305
7.31996,9.07838,7.55515,9.65943,-10.19662
5.86963,1.43684,8.41667,0.69913,-123.60328
6.88159,9.03655,7.88806,2.73243,-76.70933
9.40023,8.62354,8.52134,0.42830,-121.07519
2.47144,1.08623,6.57293,4.40522,-48.99155
7.37436,3.25805,2.91680,1.33453,-53.42131
6.56879,2.63355,9.90904,7.22623,-80.36521
7.95558,1.29680,5.71528,7.93809,-40.23989
9.90137,0.86552,8.54955,0.84646,-151.13964
0.10523,1.79794,5.81989,4.19571,-24.68025
1.51876,9.08046,7.76670,7.37768,0.32921
7.38499,7.22077,2.77765,0.16335,-48.52262
8.51144,4.52037,7.34028,6.11263,-66.97199
3.36999,6.22936,9.79332,5.86695,-59.17886
5.60885,1.47872,9.26763,4.00715,-105.36767
7.59713,4.74763,7.25512,5.75210,-62.26633
2.63834,2.37485,6.94739,4.67281,-49.28346
3.62277,3.33596,2.21464,1.30840,-24.07854
2.64566,5.33064,0.98214,0.23869,-5.68134
5.36804,1.27199,4.05361,7.92143,-8.33844
5.46153,3.81351,8.08922,5.75980,-68.28494
5.91704,1.95703,8.80800,8.60610,-56.52914
5.95585,0.17908,2.39551,3.38321,-32.47477
8.72175,4.59422,0.87294,3.21440,-15.95992
4.26645,7.66233,2.01336,6.46409,39.53121
5.24837,3.13285,4.79807,8.86525,5.83531
5.59653,5.88342,6.45202,2.97933,-58.11482
9.62042,6.96565,8.59524,9.80285,-41.06213
1.66548,8.63057,8.17166,3.13821,-46.53448
3.56716,9.41892,6.64254,3.51372,-29.25406
0.03655,3.70560,2.84978,2.04013,-3.04542
4.14171,8.79026,4.42048,5.98080,6.03706
3.95814,5.65755,3.64814,3.56956,-17.52765
1.29273,5.72015,5.68523,8.54422,20.93313
3.91909,4.01458,4.41124,8.46093,18.93607
9.18153,2.58569,2.33179,4.96335,-26.57048
0.97858,2.19451,8.01067,5.14730,-45.80111
8.32867,5.48036,6.75599,4.58704,-68.68126
0.65559,5.33647,9.60498,2.08145,-77.21618
1.99763,6.44850,1.94972,0.61318,-5.66998
2.81662,1.47897,3.55407,2.26924,-34.39783
6.05849,0.30532,8.13257,2.18549,-110.53864
1.10036,9.53186,5.54982,0.73089,-29.90963
0.38329,7.36679,5.06359,4.52563,7.00785
6.47353,6.61121,2.97511,2.69966,-25.35367
7.48611,8.27999,0.43985,0.43715,-15.74161
7.30602,4.71865,2.16037,9.88778,40.66390
9.85233,2.94250,6.44662,3.97622,-88.97993
2.59919,6.75093,2.43422,3.34875,12.85971
3.52006,6.29879,4.47150,3.29757,-17.95696
4.68042,2.55808,4.93269,0.21039,-74.53356
1.53823,1.49995,5.22218,9.86384,27.04747
4.17911,3.48192,1.92451,3.08069,-6.43047
2.79639,8.37598,4.17863,8.64465,45.85957
2.01725,3.65325,2.00379,4.85697,23.13702
4.91832,3.43338,4.01265,6.71784,-4.43606
6.42145,3.44480,6.84860,4.25590,-68.84510
8.90564,0.04183,1.20832,4.20390,-30.72377
9.85422,1.76454,3.35487,2.98276,-62.63348
3.81677,9.45726,4.09588,2.28886,-13.78004
6.99906,2.16420,6.19296,6.29704,-54.70298
4.21981,8.29013,8.65913,1.31745,-85.13187
2.76534,6.08754,9.52562,8.14287,-34.82949
4.62835,2.61200,6.91859,8.55306,-21.55769
2.52262,0.92302,7.83927,7.69709,-37.70840
8.25903,5.70879,4.62264,8.57295,-4.22076
0.53029,7.63506,9.32176,6.63517,-22.05568
2.63842,4.41211,8.59041,1.53516,-89.27154
1.23804,3.94638,4.03443,3.56115,-6.66213
6.69278,7.90688,8.60696,8.37091,-35.66135
9.65200,2.99694,2.75023,7.13563,-14.92791
9.02571,7.35720,1.82649,6.20594,9.58995
4.98412,2.91792,8.64245,2.22081,-103.60830
1.68949,9.00873,6.33852,8.32800,23.79188
7.95695,6.71685,4.46886,6.04682,-16.80377
9.50048,3.21878,1.12475,1.49361,-44.48370
7.62350,0.60483,6.12202,2.35927,-96.80908
3.21545,8.71226,4.66381,1.36527,-29.53597
4.57655,7.57394,0.26025,1.64541,13.59049
7.72690,6.09422,6.31893,7.50316,-26.13830
2.22543,7.65931,0.75045,1.86827,27.45714
3.81702,3.05276,5.79170,0.68263,-75.27330
1.59546,7.26857,6.02766,9.29097,32.68858
7.74211,5.85685,6.88210,8.17043,-34.83669
2.51863,6.60050,8.50664,2.52449,-67.91578
4.54400,8.84327,8.94790,3.05226,-70.60934
3.32676,6.39091,0.81986,3.45948,26.99024
4.22255,7.57856,2.41769,2.61234,-1.76059
4.49350,0.24737,4.74173,3.11934,-53.73792
1.90654,7.40008,5.24748,7.04987,19.04380
3.40837,8.47547,1.91123,8.24625,67.50104
0.19292,9.62422,4.93108,6.10764,34.37346
8.83114,0.15016,6.10534,1.47475,-112.34453
8.81711,9.77627,0.14197,7.05976,45.01904
2.54083,3.25493,9.19827,0.41363,-108.46093
2.25434,4.90354,9.74106,2.62136,-87.59691
2.91719,8.24763,9.27489,2.78771,-69.23438
7.88571,6.56775,6.23698,0.07134,-96.03535
7.84375,0.63138,0.96058,9.10366,26.14546
6.49255,5.18496,5.15863,2.71708,-55.30711
4.63817,1.03285,6.84520,2.53448,-82.08530
9.30718,3.73908,5.35322,2.27936,-86.43157
3.83586,1.48819,7.85920,8.92137,-30.79875
1.84522,1.87537,0.37246,2.59392,14.29791
1.31496,8.55148,3.92760,6.82659,41.44067
4.57690,7.20745,0.69178,1.71268,8.04297
0.34722,0.67784,7.22146,1.22333,-74.81941
8.49510,2.09355,9.30937,8.32918,-78.04327
8.64136,9.73357,8.56769,8.11693,-43.84383
2.27171,4.73800,2.45611,8.61218,52.62206
5.57181,6.04551,1.82136,4.07663,4.45005
0.41194,6.30492,8.38406,4.33657,-39.83871
8.30534,2.60894,0.54697,0.69442,-39.48443
6.47579,5.39933,3.38538,2.20242,-38.86626
5.19315,0.13732,5.12807,1.37465,-77.63187
6.98351,4.50137,3.70698,1.67666,-51.81424
5.96943,2.11741,6.80856,6.12747,-53.84930
1.07284,9.00696,9.18062,5.57344,-30.70717
2.18526,0.06166,9.03339,8.35134,-46.99664
4.88340,1.42997,2.72467,6.52240,3.97256
1.89202,3.19121,6.43541,3.12633,-49.83158
4.30361,4.94174,4.73285,4.11876,-26.72277
6.98035,2.32429,1.28692,3.56720,-12.91532
7.50830,8.46985,7.18594,0.82542,-89.05624
6.55702,1.27491,8.58037,0.94586,-126.31670
3.83942,4.71154,4.44077,8.90798,22.49932
7.82231,1.11447,3.02693,8.66201,-0.24123
6.95953,0.44913,0.56032,8.55944,31.02917
4.85911,1.72126,5.69146,3.06263,-66.00523
6.20228,5.19911,2.90344,6.86949,11.02310
1.65169,1.47775,4.70777,6.58792,-2.87514
4.15407,2.95566,9.87982,9.03984,-47.80416
2.65303,5.76204,2.19690,2.91779,8.50145
0.03863,2.84880,7.29754,9.65388,7.36501
3.53179,2.53539,5.91700,9.79517,8.12310
7.61512,5.96669,0.78068,7.27452,32.95153
4.49194,2.28440,8.25489,2.23783,-95.92860
2.14107,8.95794,7.85373,4.11246,-30.98345
7.66905,1.79324,7.19692,3.06971,-96.59757
1.43055,2.52754,3.25238,9.27896,47.51871
7.64787,0.23541,3.45943,7.37616,-19.44599
3.12477,6.49233,3.41026,9.95572,57.75690
9.43655,8.93074,4.69805,6.46655,-21.28551
1.36079,4.80465,9.70951,7.82942,-34.93580
9.87264,1.86229,3.33418,1.08373,-81.28178
6.64929,6.11949,7.71816,8.48047,-30.93252
3.04079,4.43559,0.42582,7.34705,61.86132
4.51830,5.19253,5.52987,3.41350,-44.32647
3.21340,6.68862,6.31148,8.54079,9.24929
1.85603,3.19378,9.51490,6.15466,-54.63331
1.83242,1.46209,4.47810,6.80504,1.64399
2.66577,5.30992,1.15092,0.32674,-5.36219
6.50038,1.73541,5.05070,0.27343,-92.91478
6.95325,8.37887,9.52462,3.64946,-87.10367
6.81253,4.74557,4.20997,8.47002,2.90965
9.89465,1.18520,4.52319,8.65663,-30.45471
0.39384,2.55613,0.42117,4.18147,36.64487
9.28430,8.71560,4.13411,8.45540,2.07721
6.53128,5.03892,6.01000,6.34449,-36.00635
8.00846,4.86613,1.89690,6.65146,9.71451
5.59080,8.20828,6.36668,9.31650,9.03709
7.54852,6.79194,6.52427,6.12461,-42.14065
0.15492,4.40552,1.00732,1.93622,22.64725
5.92335,5.35927,0.23151,0.99243,-11.59905
9.52567,6.11784,6.39620,3.32680,-80.99863
1.76152,6.65950,8.13672,5.70980,-32.21798
0.10495,9.31165,1.41009,6.27086,76.92765
0.33149,1.16765,9.10028,0.38617,-106.12604
7.86252,1.84138,8.21233,5.54873,-89.26075
0.85198,7.34639,9.09660,9.36900,0.78524
1.33199,2.63015,2.26472,1.78400,-8.97210
0.94413,5.15454,3.63473,2.70651,-3.30092
0.68899,8.79474,2.63291,4.89508,41.72968
2.46099,7.00313,8.32841,7.36103,-20.27497
3.54562,0.96776,5.13630,6.40508,-23.79197
3.98641,4.54395,0.84535,1.28871,-2.69523
2.66726,0.82266,2.08885,4.43408,-1.00886
6.85396,8.06126,6.11315,0.57739,-75.43925
9.03571,5.09832,4.85122,4.69360,-49.38988
7.33825,8.01811,6.60527,7.29344,-27.28390
9.54719,1.13121,1.93220,0.54340,-69.93902
2.25463,8.41983,8.68339,5.36617,-35.24702
8.05985,9.67076,5.33583,9.54636,11.02346
9.64464,1.53041,7.03052,7.12228,-73.54338
5.49612,3.31586,4.26745,1.87966,-52.66011
2.79640,8.40823,5.55798,6.33585,6.34875
3.37763,1.45648,4.15086,2.70198,-43.41473
4.30487,9.31022,0.71671,5.20299,49.48292
7.26312,7.86698,7.73574,8.99839,-25.30941
0.39922,5.35891,4.65455,3.07555,-11.82506
6.69333,7.03541,9.90696,4.84308,-84.53002
7.49832,0.86059,1.64906,3.78904,-28.00263
9.26325,0.37643,8.13683,0.13156,-147.22432
8.93217,8.35520,1.71261,9.57090,43.28589
9.74145,2.62238,3.31722,8.11391,-15.34609
7.56098,9.28856,8.12483,1.18395,-93.99432
9.67503,0.56514,7.51011,9.50756,-58.37968
6.07350,0.03308,6.87802,1.68860,-107.00727
5.24610,8.06908,9.14397,8.39164,-30.81040
8.73266,7.93514,6.47807,0.91453,-90.99660
7.34895,8.47647,1.47346,6.99961,33.49448
1.54661,2.32954,7.56844,9.63680,-1.54300
4.98005,4.94081,6.18403,1.16355,-74.68062
0.03485,4.31458,9.24410,6.50471,-34.86137
3.52150,5.56811,3.45524,8.11770,33.99543
1.32154,6.30892,1.74519,3.68440,27.53410
6.42735,0.89581,9.15109,6.51572,-87.84234
6.46341,4.51888,5.10214,1.84428,-62.22217
0.45333,2.85364,8.43397,2.79975,-71.62635
7.73884,6.61181,0.40723,4.94327,18.33032
9.04574,1.55796,0.01544,2.16844,-28.51394
0.60524,6.19107,5.10156,4.51719,0.86985
7.05640,1.48698,7.44656,6.73556,-64.57223
0.67456,8.18290,2.05147,5.93422,54.62127
7.29543,2.26042,3.91351,0.74893,-77.81742
6.01407,0.61642,1.42345,3.31761,-23.71384
8.47376,6.58198,8.31707,6.64612,-65.90693
8.36045,5.42083,1.60016,0.17062,-46.08866
3.74815,3.94863,8.12929,6.72210,-46.46270
3.34986,1.01465,2.47688,1.22413,-37.25003
7.94367,4.98408,2.84703,0.07788,-61.63413
3.92755,9.21148,6.05939,7.82494,12.42005
7.15877,1.72053,0.05710,1.85499,-18.43791
4.08511,8.92439,3.60866,1.06725,-20.61259
2.61401,6.50685,1.94805,2.31308,7.04228
1.86734,3.45731,7.91020,4.52549,-50.90473
4.08181,3.71875,1.71060,9.90212,55.69230
1.25998,7.38944,5.85700,4.54133,-11.15804
2.19835,1.76995,0.98276,1.83201,-4.26570
6.45981,8.52291,4.95451,7.22875,-0.67951
3.94374,3.23387,6.95005,0.57043,-85.36091
0.37612,1.51252,6.10321,3.32632,-38.34175
3.19588,0.50102,9.23647,4.70468,-85.76546
8.75098,1.30088,6.56400,0.43586,-123.69963
2.00284,7.53636,4.22342,1.38513,-23.69453
4.31899,5.70708,4.80507,3.04751,-33.11845
2.72325,8.18497,0.63279,4.18016,42.36619
7.23032,5.91248,4.08278,1.55184,-54.24141
9.35778,4.69928,0.09729,1.37903,-26.18790
1.12468,2.47110,3.81547,8.26407,31.44059
8.76385,3.03269,0.05664,5.89824,14.71641
6.18380,0.03309,9.77573,5.60118,-104.34988
2.55760,9.35156,2.80539,3.98668,24.28329
0.77206,4.84764,1.01417,1.45795,15.47465
0.33487,5.88901,3.74082,2.41074,-1.96727
3.17927,2.39692,4.06685,9.55589,26.10875
0.02127,4.76185,5.05984,0.77309,-34.59448
7.32242,1.71999,3.48926,8.83695,-1.27100
4.00539,8.02533,7.35753,2.79849,-48.88702
9.52227,6.03806,8.67098,3.48426,-105.48173
3.21434,1.13297,9.95448,6.39379,-76.49202
8.03716,8.58639,7.89887,2.20619,-88.73577
1.98683,4.63794,0.23694,6.70847,63.96230
6.08152,5.30485,2.05246,7.04761,23.15323
7.77783,4.92698,8.88132,1.13893,-122.14343
8.21466,1.51057,4.08401,5.98518,-39.63510
8.08126,5.04900,6.65363,5.58513,-59.09910
4.58235,5.17993,9.84728,8.41924,-54.02415
1.97877,6.17127,8.58352,7.23233,-25.24325
4.71318,7.59530,3.03251,4.81198,9.61039
4.85829,9.05309,1.35247,4.72447,33.71739
6.08255,9.67787,6.51309,9.38256,8.76965
0.33452,7.91437,7.97314,0.53649,-60.54049
3.16395,8.14171,5.68468,9.27400,30.93587
8.64333,5.73008,9.68293,6.51641,-86.62009
6.39286,7.97047,5.48785,9.17102,11.28118
9.58352,5.02173,2.97650,4.12146,-38.16223
3.43912,5.22002,7.65944,9.00414,-12.05019
0.03433,0.98336,2.06610,6.33606,36.39437
6.78886,4.70858,4.71622,6.93602,-15.53794
5.55681,3.22442,7.79599,9.93008,-28.38535
1.43873,6.63554,0.90316,0.40896,10.64355
5.54166,4.04047,9.79807,8.08165,-61.53319
0.00913,8.74528,1.13975,5.87826,71.50972
4.11149,0.06634,3.08155,4.12657,-23.35309
1.11603,3.53056,1.43377,1.38940,1.94433
7.45990,3.65211,7.37730,8.26532,-40.99620
6.03547,0.16275,2.02232,3.24533,-30.14155
0.54805,0.70222,4.26606,7.11979,12.96501
4.62748,4.81916,1.34003,6.74028,34.29759
6.07695,6.37506,0.50104,2.79601,4.12365
2.19220,9.60071,8.18679,3.97713,-38.27954
4.70316,9.13674,1.26440,5.03807,39.51982
0.33469,4.49090,0.77162,1.04631,16.00499
9.26562,6.63788,8.93252,4.37180,-96.45456
3.29463,1.53154,6.07415,7.32366,-21.46884
8.83820,4.94641,1.98407,9.11389,23.12334
4.43115,7.31993,2.21302,0.10664,-18.80288
1.22245,8.87499,9.88758,3.08237,-60.28812
7.80847,6.94198,6.20201,8.00172,-21.90362
1.93993,5.45569,7.55523,0.11296,-78.54985
1.31378,3.72028,8.06010,3.13472,-61.28341
2.05754,8.64005,9.62988,5.00139,-47.34959
2.33983,8.83163,3.62626,0.83215,-15.66947
9.90709,0.35927,9.49200,1.73273,-157.73635
6.33620,1.65560,0.32276,7.02011,28.20539
2.66585,6.19480,0.04861,9.65749,94.29512
4.87100,9.80215,9.82293,3.91736,-72.41281
5.33681,7.31388,1.65513,1.91449,-7.11055
9.33036,9.60093,7.35699,1.81736,-89.58784
7.82440,1.03760,6.88400,4.08228,-88.74939
3.60691,8.28974,1.97803,2.94220,16.49340
9.03314,4.38574,8.36847,4.58380,-93.14823
0.07633,0.62281,5.67125,7.97275,9.40961
7.58537,9.30846,9.29844,5.61709,-71.20801
3.99484,3.43910,8.71340,4.97573,-72.41662
4.75747,7.17759,4.74240,5.34642,-8.30555
8.89456,9.08120,5.43935,3.25207,-54.31912
4.06664,9.17284,5.70924,5.04932,-13.34427
6.24697,6.21082,1.00541,8.10058,49.70808
